participant,trial_count,line_width,line_id,line_orientation
90,0,1.3333,r1c2_bottom_right,forward_slash
90,0,1.3333,r2c1_bottom_right,forward_slash
90,0,1.6667,r2c2_bottom_left,back_slash
90,1,1.0,r2c1_bottom_right,forward_slash
90,1,1.3333,r2c2_bottom_right,forward_slash
90,1,1.6667,r1c2_bottom_right,forward_slash
90,1,1.6667,r2c0_bottom_right,forward_slash
90,2,1.0,r0c0_right,vertical
90,2,1.3333,r0c2_right,vertical
90,2,1.3333,r1c2_bottom_right,forward_slash
90,2,1.3333,r1c2_right,vertical
90,3,1.3333,r2c1_bottom_left,back_slash
90,3,1.3333,r2c3_bottom_left,back_slash
90,3,1.6667,r0c1_right,vertical
90,3,1.6667,r0c3_bottom_left,back_slash
90,3,1.6667,r1c1_bottom_left,back_slash
90,3,1.6667,r2c0_right,vertical
90,4,1.3333,r0c3_bottom_left,back_slash
90,4,1.3333,r1c0_bottom_left,back_slash
90,4,1.3333,r1c0_bottom_right,forward_slash
90,5,1.0,r0c0_right,vertical
90,5,1.3333,r2c3_bottom_left,back_slash
90,5,1.6667,r0c1_bottom_right,forward_slash
90,6,1.0,r0c1_bottom_right,forward_slash
90,6,1.3333,r0c0_bottom_right,forward_slash
90,6,2.0,r2c0_right,vertical
90,6,2.0,r2c2_right,vertical
90,7,1.3333,r0c2_bottom_left,back_slash
90,7,1.3333,r1c1_bottom_left,back_slash
90,7,1.6667,r1c0_bottom_right,forward_slash
90,7,1.6667,r2c1_right,vertical
90,8,1.3333,r1c1_right,vertical
90,8,1.3333,r1c3_bottom_left,back_slash
90,8,1.6667,r0c2_bottom_right,forward_slash
90,9,1.6667,r0c1_bottom_right,forward_slash
90,9,1.6667,r2c1_bottom_right,forward_slash
90,9,1.6667,r3c0_right,vertical
90,10,1.0,r2c0_right,vertical
90,10,1.3333,r0c0_right,vertical
90,10,1.6667,r0c2_bottom_right,forward_slash
90,10,1.6667,r1c1_bottom_right,forward_slash
90,10,1.6667,r2c3_bottom_right,forward_slash
90,10,1.6667,r3c0_right,vertical
90,11,1.0,r1c2_right,vertical
90,11,1.0,r2c2_right,vertical
90,11,1.3333,r0c1_bottom_right,forward_slash
90,11,1.3333,r2c3_bottom_left,back_slash
90,12,1.3333,r0c2_bottom_right,forward_slash
90,12,1.3333,r1c2_bottom_left,back_slash
90,12,1.3333,r1c2_right,vertical
90,12,1.3333,r2c1_bottom_left,back_slash
90,12,1.3333,r2c3_bottom_right,forward_slash
90,13,1.3333,r2c2_right,vertical
90,13,1.6667,r0c2_bottom_left,back_slash
90,13,1.6667,r1c1_bottom_left,back_slash
90,14,1.0,r0c0_bottom_right,forward_slash
90,14,1.3333,r0c1_right,vertical
90,14,1.3333,r0c2_bottom_left,back_slash
90,14,1.3333,r3c0_right,vertical
90,15,1.0,r2c1_bottom_right,forward_slash
90,15,1.6667,r0c0_bottom_right,forward_slash
90,15,1.6667,r0c1_right,vertical
90,15,1.6667,r1c2_bottom_left,back_slash
90,15,1.6667,r2c1_bottom_left,back_slash
90,16,1.3333,r1c2_bottom_left,back_slash
90,16,1.3333,r2c2_right,vertical
90,16,1.6667,r2c0_bottom_right,forward_slash
90,16,1.6667,r2c3_bottom_right,forward_slash
90,16,1.6667,r3c0_right,vertical
90,17,1.0,r0c3_bottom_left,back_slash
90,17,1.0,r3c2_right,vertical
90,17,1.3333,r0c2_bottom_left,back_slash
90,17,1.3333,r2c0_right,vertical
90,18,1.3333,r0c2_right,vertical
90,18,1.3333,r2c3_bottom_right,forward_slash
90,18,1.6667,r1c0_right,vertical
90,19,1.0,r0c0_bottom_right,forward_slash
90,19,1.3333,r0c1_bottom_right,forward_slash
90,19,1.3333,r0c2_bottom_left,back_slash
90,19,1.3333,r1c1_bottom_right,forward_slash
90,19,1.3333,r1c1_right,vertical
90,20,1.3333,r0c1_bottom_left,back_slash
90,20,1.3333,r1c2_right,vertical
90,20,1.6667,r1c0_bottom_left,back_slash
90,20,1.6667,r1c2_bottom_left,back_slash
90,20,1.6667,r2c0_bottom_right,forward_slash
90,21,1.3333,r0c0_right,vertical
90,21,1.3333,r0c3_bottom_right,forward_slash
90,21,1.3333,r2c2_right,vertical
90,21,1.3333,r3c2_right,vertical
90,22,1.3333,r1c2_right,vertical
90,22,1.3333,r1c3_bottom_left,back_slash
90,22,1.6667,r0c2_right,vertical
90,22,1.6667,r0c3_bottom_right,forward_slash
90,22,1.6667,r1c2_bottom_left,back_slash
90,23,1.0,r2c1_bottom_left,back_slash
90,23,1.3333,r0c0_bottom_right,forward_slash
90,23,1.6667,r1c2_bottom_left,back_slash
90,24,1.3333,r0c1_right,vertical
90,24,1.3333,r0c2_right,vertical
90,24,1.3333,r2c2_bottom_left,back_slash
90,24,1.3333,r2c2_right,vertical
90,25,1.3333,r1c1_bottom_left,back_slash
90,25,1.3333,r3c1_right,vertical
90,25,2.0,r0c1_bottom_left,back_slash
90,25,2.0,r0c2_bottom_left,back_slash
90,25,2.0,r1c0_bottom_left,back_slash
90,25,2.0,r2c2_bottom_left,back_slash
90,25,2.0,r2c3_bottom_right,forward_slash
90,25,2.0,r3c0_right,vertical
90,26,1.3333,r2c0_right,vertical
90,26,1.3333,r2c3_bottom_right,forward_slash
90,26,1.6667,r0c2_bottom_left,back_slash
90,26,1.6667,r0c3_bottom_left,back_slash
90,26,1.6667,r2c2_bottom_left,back_slash
90,27,1.3333,r0c0_bottom_right,forward_slash
90,27,1.3333,r0c1_right,vertical
90,27,1.3333,r2c0_right,vertical
90,28,1.3333,r1c0_bottom_right,forward_slash
90,28,1.3333,r2c1_right,vertical
90,28,1.6667,r0c0_bottom_right,forward_slash
90,28,1.6667,r1c1_bottom_right,forward_slash
90,28,1.6667,r3c2_right,vertical
90,29,1.3333,r1c0_bottom_right,forward_slash
90,29,1.3333,r2c2_right,vertical
90,29,1.6667,r1c0_right,vertical
90,29,1.6667,r1c3_bottom_left,back_slash
90,29,1.6667,r3c2_right,vertical
90,30,1.3333,r0c0_right,vertical
90,30,1.3333,r1c0_bottom_right,forward_slash
90,30,1.3333,r1c1_bottom_right,forward_slash
90,31,1.0,r0c3_bottom_right,forward_slash
90,31,1.0,r3c0_right,vertical
90,31,1.3333,r0c1_bottom_right,forward_slash
90,31,1.3333,r0c1_right,vertical
90,31,1.3333,r2c2_right,vertical
90,32,1.3333,r2c0_right,vertical
90,32,1.3333,r2c1_bottom_right,forward_slash
90,32,2.0,r0c0_bottom_right,forward_slash
90,32,2.0,r0c0_right,vertical
90,32,2.0,r0c1_bottom_right,forward_slash
90,32,2.0,r0c2_bottom_left,back_slash
90,32,2.0,r0c3_bottom_right,forward_slash
90,32,2.0,r2c2_right,vertical
90,32,2.0,r3c0_right,vertical
90,33,1.0,r1c0_bottom_right,forward_slash
90,33,1.3333,r0c3_bottom_right,forward_slash
90,33,1.3333,r1c3_bottom_left,back_slash
90,33,1.3333,r3c2_right,vertical
90,34,1.3333,r0c1_bottom_right,forward_slash
90,34,1.3333,r1c2_bottom_left,back_slash
90,34,1.6667,r1c1_right,vertical
90,35,1.3333,r0c1_bottom_left,back_slash
90,35,1.3333,r1c1_right,vertical
90,35,1.3333,r2c0_right,vertical
90,35,1.3333,r2c2_bottom_right,forward_slash
90,36,1.0,r1c0_bottom_right,forward_slash
90,36,1.3333,r1c1_right,vertical
90,36,1.3333,r1c2_bottom_left,back_slash
90,36,1.3333,r2c1_right,vertical
90,36,1.3333,r2c2_right,vertical
90,37,1.3333,r0c2_bottom_right,forward_slash
90,37,1.3333,r1c1_bottom_right,forward_slash
90,37,1.3333,r1c2_bottom_right,forward_slash
90,37,1.3333,r3c1_right,vertical
90,38,1.3333,r0c1_bottom_right,forward_slash
90,38,1.3333,r1c2_right,vertical
90,38,1.6667,r2c0_bottom_right,forward_slash
90,39,1.6667,r0c0_right,vertical
90,39,1.6667,r1c2_bottom_right,forward_slash
90,39,1.6667,r2c0_bottom_right,forward_slash
90,40,1.0,r1c3_bottom_left,back_slash
90,40,1.3333,r0c0_bottom_right,forward_slash
90,40,1.3333,r0c3_bottom_right,forward_slash
90,40,1.3333,r2c1_bottom_left,back_slash
90,40,1.3333,r2c2_right,vertical
90,41,1.0,r1c0_right,vertical
90,41,1.3333,r0c0_right,vertical
90,41,1.3333,r0c2_bottom_left,back_slash
90,42,1.3333,r1c1_bottom_left,back_slash
90,42,1.3333,r1c1_bottom_right,forward_slash
90,42,1.3333,r2c1_bottom_left,back_slash
90,42,1.3333,r2c2_bottom_right,forward_slash
90,43,1.3333,r1c1_right,vertical
90,43,1.3333,r1c2_bottom_right,forward_slash
90,43,1.3333,r2c3_bottom_left,back_slash
90,43,1.3333,r3c0_right,vertical
90,44,1.6667,r2c2_bottom_left,back_slash
90,44,1.6667,r2c2_bottom_right,forward_slash
90,44,2.0,r0c0_bottom_right,forward_slash
90,44,2.0,r0c1_bottom_left,back_slash
90,44,2.0,r0c1_right,vertical
90,44,2.0,r1c1_bottom_right,forward_slash
90,44,2.0,r1c1_right,vertical
90,45,1.3333,r2c1_right,vertical
90,45,1.3333,r2c2_bottom_right,forward_slash
90,45,1.6667,r1c1_bottom_right,forward_slash
90,45,1.6667,r3c2_right,vertical
90,46,1.0,r0c0_bottom_right,forward_slash
90,46,1.6667,r0c0_right,vertical
90,46,1.6667,r0c3_bottom_left,back_slash
90,46,1.6667,r2c3_bottom_left,back_slash
90,47,1.3333,r2c0_bottom_right,forward_slash
90,47,1.3333,r3c0_right,vertical
90,47,1.6667,r0c2_right,vertical
90,47,1.6667,r2c1_bottom_right,forward_slash
90,47,1.6667,r3c2_right,vertical
90,48,1.0,r0c3_bottom_right,forward_slash
90,48,1.3333,r1c0_right,vertical
90,48,1.3333,r2c2_bottom_left,back_slash
90,49,1.3333,r0c1_bottom_left,back_slash
90,49,1.6667,r0c2_bottom_left,back_slash
90,49,1.6667,r2c0_right,vertical
90,50,1.0,r1c0_right,vertical
90,50,1.6667,r1c1_bottom_right,forward_slash
90,50,1.6667,r3c0_right,vertical
90,51,1.3333,r0c0_right,vertical
90,51,1.3333,r0c1_right,vertical
90,51,1.3333,r1c0_right,vertical
90,52,1.0,r0c3_bottom_right,forward_slash
90,52,1.6667,r0c2_bottom_right,forward_slash
90,52,1.6667,r1c1_bottom_right,forward_slash
90,52,1.6667,r2c1_bottom_right,forward_slash
90,53,1.3333,r2c1_right,vertical
90,53,1.6667,r1c1_right,vertical
90,53,1.6667,r1c2_right,vertical
90,53,1.6667,r2c2_right,vertical
90,54,1.3333,r0c1_bottom_left,back_slash
90,54,1.3333,r1c1_bottom_right,forward_slash
90,54,1.3333,r2c0_right,vertical
90,55,1.0,r1c1_right,vertical
90,55,1.0,r2c0_bottom_right,forward_slash
90,55,1.3333,r1c1_bottom_left,back_slash
90,55,1.3333,r2c1_bottom_left,back_slash
90,56,1.3333,r1c1_bottom_left,back_slash
90,56,1.3333,r1c2_right,vertical
90,56,1.3333,r2c2_bottom_left,back_slash
90,57,1.6667,r0c0_right,vertical
90,57,1.6667,r0c1_bottom_right,forward_slash
90,57,2.0,r0c2_bottom_left,back_slash
90,57,2.0,r1c0_right,vertical
90,57,2.0,r1c1_right,vertical
90,57,2.0,r1c2_right,vertical
90,57,2.0,r2c0_bottom_right,forward_slash
90,57,2.0,r2c0_right,vertical
90,57,2.0,r2c1_right,vertical
90,57,2.0,r2c2_bottom_right,forward_slash
90,57,2.0,r2c3_bottom_left,back_slash
90,57,2.0,r3c2_right,vertical
90,58,1.0,r2c1_bottom_left,back_slash
90,58,1.6667,r1c1_bottom_left,back_slash
90,58,1.6667,r1c3_bottom_left,back_slash
90,58,1.6667,r2c0_bottom_right,forward_slash
90,59,1.3333,r0c2_bottom_right,forward_slash
90,59,1.3333,r0c3_bottom_left,back_slash
90,59,1.3333,r1c1_bottom_right,forward_slash
90,60,1.0,r0c2_bottom_left,back_slash
90,60,1.3333,r0c1_right,vertical
90,60,1.3333,r1c0_bottom_right,forward_slash
90,60,1.3333,r2c1_bottom_left,back_slash
90,61,1.0,r0c2_bottom_right,forward_slash
90,61,1.3333,r0c2_bottom_left,back_slash
90,61,1.3333,r1c0_bottom_left,back_slash
90,61,1.3333,r2c2_bottom_left,back_slash
90,61,1.3333,r3c0_right,vertical
90,61,1.3333,r3c2_right,vertical
90,62,1.3333,r0c1_right,vertical
90,62,1.3333,r0c2_bottom_left,back_slash
90,62,1.6667,r0c1_bottom_left,back_slash
90,62,1.6667,r3c1_right,vertical
90,63,1.3333,r2c2_bottom_left,back_slash
90,63,2.0,r0c1_right,vertical
90,63,2.0,r1c0_bottom_left,back_slash
90,63,2.0,r1c0_bottom_right,forward_slash
90,63,2.0,r1c1_bottom_right,forward_slash
90,63,2.0,r2c1_bottom_left,back_slash
90,63,2.0,r2c3_bottom_left,back_slash
90,64,1.3333,r2c2_bottom_left,back_slash
90,64,1.3333,r3c2_right,vertical
90,64,1.6667,r1c0_right,vertical
90,64,1.6667,r2c2_bottom_right,forward_slash
90,64,1.6667,r2c2_right,vertical
90,64,1.6667,r2c3_bottom_left,back_slash
90,65,1.0,r2c1_bottom_left,back_slash
90,65,1.0,r2c3_bottom_left,back_slash
90,65,1.3333,r0c0_right,vertical
90,65,1.3333,r2c2_bottom_left,back_slash
90,66,1.3333,r1c0_bottom_left,back_slash
90,66,1.3333,r1c1_right,vertical
90,66,1.3333,r1c2_bottom_left,back_slash
90,66,1.3333,r1c3_bottom_left,back_slash
90,66,1.3333,r2c0_bottom_right,forward_slash
90,66,1.3333,r2c2_bottom_right,forward_slash
90,67,1.0,r1c0_bottom_right,forward_slash
90,67,1.0,r1c1_right,vertical
90,67,1.0,r2c2_bottom_left,back_slash
90,68,1.0,r1c0_bottom_left,back_slash
90,68,1.3333,r2c0_right,vertical
90,68,1.3333,r2c1_bottom_left,back_slash
90,68,1.3333,r2c1_bottom_right,forward_slash
90,68,1.3333,r3c0_right,vertical
90,69,1.3333,r0c1_bottom_right,forward_slash
90,69,1.3333,r2c0_right,vertical
90,69,1.3333,r2c1_right,vertical
90,69,1.3333,r2c3_bottom_left,back_slash
90,70,1.0,r0c3_bottom_left,back_slash
90,70,1.0,r2c0_right,vertical
90,70,1.3333,r1c3_bottom_left,back_slash
90,70,1.3333,r3c0_right,vertical
90,71,1.3333,r2c0_bottom_right,forward_slash
90,71,2.0,r0c1_bottom_left,back_slash
90,71,2.0,r0c1_right,vertical
90,71,2.0,r0c2_right,vertical
90,71,2.0,r1c2_bottom_right,forward_slash
90,71,2.0,r1c3_bottom_left,back_slash
90,71,2.0,r2c1_bottom_left,back_slash
90,71,2.0,r2c2_bottom_right,forward_slash
90,71,2.0,r2c2_right,vertical
90,71,2.0,r2c3_bottom_left,back_slash
90,72,1.0,r1c2_right,vertical
90,72,1.0,r1c3_bottom_left,back_slash
90,72,1.3333,r1c1_bottom_left,back_slash
90,73,1.0,r0c0_right,vertical
90,73,1.3333,r0c0_bottom_right,forward_slash
90,73,1.3333,r0c2_bottom_right,forward_slash
90,73,1.3333,r1c2_right,vertical
90,73,1.3333,r3c0_right,vertical
90,74,1.3333,r0c0_bottom_right,forward_slash
90,74,1.3333,r2c1_bottom_right,forward_slash
90,74,1.3333,r2c2_bottom_left,back_slash
90,74,1.3333,r2c3_bottom_right,forward_slash
90,74,1.3333,r3c2_right,vertical
90,75,1.0,r2c1_right,vertical
90,75,1.6667,r1c0_bottom_left,back_slash
90,75,1.6667,r3c2_right,vertical
90,76,1.3333,r2c1_right,vertical
90,76,1.3333,r2c2_bottom_right,forward_slash
90,76,1.3333,r2c3_bottom_right,forward_slash
90,76,1.3333,r3c2_right,vertical
90,77,1.3333,r2c0_right,vertical
90,77,1.6667,r0c3_bottom_left,back_slash
90,77,1.6667,r3c2_right,vertical
90,78,1.3333,r1c0_right,vertical
90,78,1.6667,r0c2_bottom_left,back_slash
90,78,2.0,r0c1_right,vertical
90,78,2.0,r2c0_right,vertical
90,78,2.0,r2c1_bottom_left,back_slash
90,79,1.3333,r0c0_right,vertical
90,79,1.3333,r1c0_bottom_right,forward_slash
90,79,1.6667,r0c1_bottom_left,back_slash
90,79,1.6667,r1c1_bottom_right,forward_slash
90,79,1.6667,r1c2_right,vertical
90,80,1.0,r0c0_bottom_right,forward_slash
90,80,1.3333,r0c1_bottom_right,forward_slash
90,80,1.3333,r1c0_bottom_right,forward_slash
90,80,1.3333,r1c1_right,vertical
90,81,1.0,r2c1_right,vertical
90,81,1.3333,r0c2_bottom_left,back_slash
90,81,1.3333,r0c3_bottom_right,forward_slash
90,81,1.3333,r3c0_right,vertical
90,82,1.3333,r2c2_bottom_right,forward_slash
90,82,1.3333,r2c2_right,vertical
90,82,1.3333,r3c2_right,vertical
90,83,1.0,r1c2_bottom_left,back_slash
90,83,1.3333,r0c2_right,vertical
90,83,1.3333,r2c2_bottom_right,forward_slash
90,83,1.3333,r2c2_right,vertical
90,84,1.0,r0c1_bottom_right,forward_slash
90,84,1.3333,r0c0_right,vertical
90,84,1.3333,r0c2_right,vertical
90,84,1.3333,r1c2_right,vertical
90,84,1.3333,r2c2_bottom_right,forward_slash
90,84,1.3333,r2c2_right,vertical
90,85,1.3333,r2c0_bottom_right,forward_slash
90,85,1.6667,r0c0_bottom_right,forward_slash
90,85,1.6667,r0c3_bottom_left,back_slash
90,85,1.6667,r1c1_bottom_left,back_slash
90,85,1.6667,r2c3_bottom_left,back_slash
90,86,1.3333,r1c1_bottom_left,back_slash
90,86,1.6667,r1c1_right,vertical
90,86,2.0,r0c1_bottom_left,back_slash
90,86,2.0,r0c2_bottom_left,back_slash
90,86,2.0,r1c0_bottom_right,forward_slash
90,86,2.0,r1c0_right,vertical
90,86,2.0,r2c0_bottom_right,forward_slash
90,86,2.0,r2c1_right,vertical
90,86,2.0,r2c3_bottom_left,back_slash
90,87,1.0,r2c3_bottom_left,back_slash
90,87,1.3333,r0c1_bottom_left,back_slash
90,87,1.3333,r2c1_bottom_right,forward_slash
90,88,1.3333,r1c1_bottom_right,forward_slash
90,88,1.3333,r1c2_bottom_left,back_slash
90,88,1.3333,r2c0_bottom_right,forward_slash
90,89,1.6667,r0c1_bottom_right,forward_slash
90,89,1.6667,r2c2_bottom_left,back_slash
90,89,2.0,r0c0_right,vertical
90,89,2.0,r1c0_right,vertical
90,89,2.0,r1c2_right,vertical
90,89,2.0,r3c2_right,vertical
90,90,1.3333,r1c0_bottom_left,back_slash
90,90,1.3333,r1c0_right,vertical
90,90,1.3333,r1c3_bottom_left,back_slash
90,91,1.3333,r0c2_bottom_right,forward_slash
90,91,1.3333,r1c0_bottom_left,back_slash
90,91,1.3333,r2c2_bottom_right,forward_slash
90,92,1.3333,r1c0_right,vertical
90,92,1.3333,r1c1_bottom_right,forward_slash
90,92,1.3333,r3c0_right,vertical
90,92,1.3333,r3c1_right,vertical
90,93,1.0,r0c3_bottom_left,back_slash
90,93,1.0,r0c3_bottom_right,forward_slash
90,93,1.3333,r1c0_bottom_left,back_slash
90,93,1.3333,r2c1_bottom_right,forward_slash
90,93,1.3333,r2c1_right,vertical
90,94,1.0,r2c2_bottom_right,forward_slash
90,94,1.3333,r1c3_bottom_left,back_slash
90,94,1.3333,r2c1_bottom_left,back_slash
90,95,1.0,r2c3_bottom_right,forward_slash
90,95,1.3333,r0c0_right,vertical
90,95,1.3333,r1c1_bottom_left,back_slash
90,95,1.3333,r2c2_bottom_right,forward_slash
90,95,1.3333,r3c2_right,vertical
90,96,1.3333,r0c2_bottom_right,forward_slash
90,96,1.6667,r0c0_right,vertical
90,96,1.6667,r0c1_bottom_left,back_slash
90,96,1.6667,r0c3_bottom_right,forward_slash
90,96,1.6667,r1c1_right,vertical
90,97,1.0,r0c2_bottom_left,back_slash
90,97,1.0,r2c2_bottom_right,forward_slash
90,97,1.3333,r1c2_bottom_left,back_slash
90,97,1.3333,r2c2_bottom_left,back_slash
90,97,1.3333,r2c2_right,vertical
90,98,1.3333,r0c1_bottom_left,back_slash
90,98,1.3333,r1c1_bottom_right,forward_slash
90,98,1.3333,r1c2_right,vertical
90,98,1.3333,r2c1_bottom_right,forward_slash
90,98,1.3333,r2c2_bottom_left,back_slash
90,98,1.3333,r2c2_right,vertical
90,99,1.3333,r0c0_right,vertical
90,99,1.3333,r1c1_bottom_right,forward_slash
90,99,1.3333,r2c2_right,vertical
91,0,1.0,r0c1_right,vertical
91,0,1.0,r1c2_right,vertical
91,0,1.3333,r2c1_bottom_left,back_slash
91,0,1.3333,r2c1_bottom_right,forward_slash
91,0,1.3333,r2c3_bottom_left,back_slash
91,1,1.0,r1c3_bottom_left,back_slash
91,1,1.3333,r0c2_bottom_left,back_slash
91,1,1.3333,r1c0_right,vertical
91,1,1.3333,r2c0_bottom_right,forward_slash
91,1,1.3333,r3c0_right,vertical
91,2,1.0,r0c0_right,vertical
91,2,1.0,r0c1_bottom_left,back_slash
91,2,1.0,r2c0_right,vertical
91,3,1.3333,r1c0_bottom_left,back_slash
91,3,1.3333,r1c2_bottom_left,back_slash
91,3,1.6667,r1c2_bottom_right,forward_slash
91,3,1.6667,r2c2_right,vertical
91,4,1.0,r1c0_right,vertical
91,4,1.3333,r2c1_right,vertical
91,4,1.6667,r0c0_bottom_right,forward_slash
91,4,1.6667,r0c2_right,vertical
91,4,1.6667,r1c1_bottom_right,forward_slash
91,4,1.6667,r3c2_right,vertical
91,5,1.0,r0c0_bottom_right,forward_slash
91,5,1.3333,r3c0_right,vertical
91,5,1.3333,r3c1_right,vertical
91,6,1.3333,r0c1_bottom_left,back_slash
91,6,1.3333,r0c3_bottom_left,back_slash
91,6,1.3333,r3c2_right,vertical
91,7,1.0,r1c1_bottom_left,back_slash
91,7,1.3333,r1c2_bottom_left,back_slash
91,7,1.3333,r2c1_bottom_right,forward_slash
91,8,1.3333,r3c1_right,vertical
91,8,1.6667,r1c2_bottom_left,back_slash
91,8,2.0,r0c0_bottom_right,forward_slash
91,8,2.0,r0c1_bottom_left,back_slash
91,8,2.0,r0c1_bottom_right,forward_slash
91,8,2.0,r1c0_bottom_left,back_slash
91,8,2.0,r1c0_right,vertical
91,8,2.0,r1c2_right,vertical
91,8,2.0,r2c1_bottom_left,back_slash
91,8,2.0,r2c2_bottom_right,forward_slash
91,9,1.3333,r0c3_bottom_left,back_slash
91,9,1.3333,r1c2_bottom_right,forward_slash
91,9,1.6667,r0c0_right,vertical
91,10,1.0,r3c2_right,vertical
91,10,1.3333,r2c3_bottom_right,forward_slash
91,10,1.6667,r1c1_right,vertical
91,10,1.6667,r1c3_bottom_left,back_slash
91,10,1.6667,r2c2_bottom_left,back_slash
91,11,1.0,r0c1_bottom_right,forward_slash
91,11,1.0,r0c3_bottom_right,forward_slash
91,11,1.0,r2c2_right,vertical
91,12,1.0,r1c3_bottom_left,back_slash
91,12,1.3333,r1c0_bottom_right,forward_slash
91,12,1.3333,r1c2_right,vertical
91,13,1.3333,r2c1_right,vertical
91,13,1.3333,r3c1_right,vertical
91,13,1.6667,r0c0_bottom_right,forward_slash
91,13,1.6667,r3c0_right,vertical
91,14,1.3333,r2c1_right,vertical
91,14,1.6667,r2c2_bottom_left,back_slash
91,14,2.0,r0c1_bottom_left,back_slash
91,14,2.0,r0c2_bottom_right,forward_slash
91,14,2.0,r1c0_bottom_right,forward_slash
91,14,2.0,r1c0_right,vertical
91,14,2.0,r2c0_bottom_right,forward_slash
91,15,1.3333,r0c0_right,vertical
91,15,1.3333,r1c1_bottom_right,forward_slash
91,15,1.3333,r2c2_right,vertical
91,16,1.3333,r0c0_bottom_right,forward_slash
91,16,1.3333,r0c2_right,vertical
91,16,1.3333,r0c3_bottom_right,forward_slash
91,16,1.3333,r2c0_right,vertical
91,16,1.3333,r2c1_bottom_left,back_slash
91,17,1.3333,r0c1_bottom_left,back_slash
91,17,1.3333,r0c2_bottom_left,back_slash
91,17,1.6667,r3c1_right,vertical
91,18,1.3333,r0c1_right,vertical
91,18,1.3333,r1c1_bottom_right,forward_slash
91,18,1.6667,r3c0_right,vertical
91,19,1.3333,r0c3_bottom_right,forward_slash
91,19,1.3333,r2c2_bottom_left,back_slash
91,19,1.6667,r0c2_bottom_right,forward_slash
91,19,1.6667,r2c1_right,vertical
91,19,1.6667,r2c2_bottom_right,forward_slash
91,19,1.6667,r2c3_bottom_right,forward_slash
91,20,1.3333,r1c2_bottom_right,forward_slash
91,20,1.6667,r0c0_right,vertical
91,20,1.6667,r0c1_bottom_left,back_slash
91,20,1.6667,r0c2_bottom_left,back_slash
91,20,1.6667,r1c0_bottom_right,forward_slash
91,20,1.6667,r1c2_right,vertical
91,20,1.6667,r2c1_right,vertical
91,21,1.0,r2c3_bottom_right,forward_slash
91,21,1.3333,r0c2_right,vertical
91,21,1.3333,r1c0_bottom_left,back_slash
91,22,1.3333,r1c0_bottom_left,back_slash
91,22,1.3333,r2c1_bottom_right,forward_slash
91,22,1.3333,r2c3_bottom_left,back_slash
91,23,1.0,r2c3_bottom_left,back_slash
91,23,1.6667,r0c0_right,vertical
91,23,2.0,r0c1_bottom_left,back_slash
91,23,2.0,r0c1_right,vertical
91,23,2.0,r0c2_bottom_right,forward_slash
91,23,2.0,r0c2_right,vertical
91,23,2.0,r1c1_bottom_right,forward_slash
91,23,2.0,r1c2_bottom_right,forward_slash
91,24,1.0,r3c0_right,vertical
91,24,1.3333,r2c2_bottom_right,forward_slash
91,24,1.6667,r1c2_right,vertical
91,24,1.6667,r2c0_right,vertical
91,24,1.6667,r2c3_bottom_left,back_slash
91,24,1.6667,r3c2_right,vertical
91,25,1.3333,r0c2_bottom_left,back_slash
91,25,1.3333,r0c2_right,vertical
91,25,1.3333,r0c3_bottom_right,forward_slash
91,25,1.3333,r1c2_bottom_left,back_slash
91,26,1.3333,r0c3_bottom_left,back_slash
91,26,1.3333,r1c0_bottom_right,forward_slash
91,26,1.6667,r0c1_bottom_right,forward_slash
91,26,1.6667,r3c1_right,vertical
91,27,1.3333,r0c1_bottom_left,back_slash
91,27,1.3333,r0c1_right,vertical
91,27,1.3333,r0c3_bottom_right,forward_slash
91,27,1.3333,r1c0_bottom_left,back_slash
91,28,1.0,r1c0_bottom_right,forward_slash
91,28,1.0,r2c1_bottom_right,forward_slash
91,28,1.3333,r2c0_bottom_right,forward_slash
91,28,1.3333,r2c3_bottom_right,forward_slash
91,29,1.3333,r0c0_right,vertical
91,29,1.3333,r2c1_bottom_right,forward_slash
91,29,1.6667,r0c3_bottom_left,back_slash
91,29,1.6667,r2c3_bottom_right,forward_slash
91,30,1.3333,r0c2_bottom_left,back_slash
91,30,1.3333,r1c0_right,vertical
91,30,1.6667,r0c2_bottom_right,forward_slash
91,30,1.6667,r2c3_bottom_right,forward_slash
91,31,1.3333,r0c0_right,vertical
91,31,1.3333,r1c1_bottom_left,back_slash
91,31,1.3333,r2c3_bottom_left,back_slash
91,32,1.3333,r0c2_right,vertical
91,32,1.3333,r1c0_bottom_right,forward_slash
91,32,1.3333,r2c3_bottom_left,back_slash
91,33,1.0,r0c0_bottom_right,forward_slash
91,33,1.3333,r1c0_right,vertical
91,33,1.3333,r1c1_bottom_left,back_slash
91,33,1.3333,r1c2_right,vertical
91,33,1.3333,r2c3_bottom_left,back_slash
91,34,1.6667,r0c1_bottom_right,forward_slash
91,34,1.6667,r1c0_right,vertical
91,34,1.6667,r2c1_right,vertical
91,35,1.3333,r0c0_bottom_right,forward_slash
91,35,1.3333,r0c2_right,vertical
91,35,1.6667,r1c1_bottom_right,forward_slash
91,36,1.0,r3c1_right,vertical
91,36,1.3333,r0c0_bottom_right,forward_slash
91,36,1.3333,r0c1_bottom_left,back_slash
91,36,1.3333,r1c2_bottom_right,forward_slash
91,36,1.3333,r2c1_right,vertical
91,36,1.3333,r2c2_bottom_right,forward_slash
91,37,1.3333,r0c0_right,vertical
91,37,1.3333,r0c3_bottom_left,back_slash
91,37,1.3333,r1c0_right,vertical
91,37,1.3333,r1c2_bottom_left,back_slash
91,37,1.3333,r1c3_bottom_left,back_slash
91,38,1.3333,r2c1_bottom_right,forward_slash
91,38,1.6667,r2c2_bottom_right,forward_slash
91,38,2.0,r0c0_bottom_right,forward_slash
91,38,2.0,r0c1_bottom_left,back_slash
91,38,2.0,r2c3_bottom_left,back_slash
91,38,2.0,r2c3_bottom_right,forward_slash
91,38,2.0,r3c2_right,vertical
91,39,1.3333,r0c2_bottom_left,back_slash
91,39,1.3333,r1c1_right,vertical
91,39,1.3333,r1c2_bottom_left,back_slash
91,39,1.3333,r2c1_bottom_right,forward_slash
91,40,1.3333,r0c2_right,vertical
91,40,1.3333,r0c3_bottom_right,forward_slash
91,40,1.3333,r2c2_bottom_left,back_slash
91,40,1.3333,r3c0_right,vertical
91,40,1.3333,r3c1_right,vertical
91,41,1.0,r1c2_bottom_left,back_slash
91,41,1.3333,r1c0_bottom_right,forward_slash
91,41,1.3333,r1c1_right,vertical
91,41,1.3333,r2c1_bottom_right,forward_slash
91,42,1.0,r0c0_bottom_right,forward_slash
91,42,1.0,r2c2_bottom_left,back_slash
91,42,1.0,r2c2_right,vertical
91,43,1.0,r2c2_bottom_left,back_slash
91,43,1.3333,r0c0_bottom_right,forward_slash
91,43,1.3333,r0c0_right,vertical
91,43,1.3333,r0c3_bottom_left,back_slash
91,43,1.3333,r2c0_bottom_right,forward_slash
91,43,1.3333,r2c2_bottom_right,forward_slash
91,44,1.0,r0c0_right,vertical
91,44,1.3333,r1c1_bottom_left,back_slash
91,44,1.3333,r3c0_right,vertical
91,45,1.0,r2c2_bottom_right,forward_slash
91,45,1.3333,r0c1_bottom_right,forward_slash
91,45,1.6667,r0c3_bottom_left,back_slash
91,45,1.6667,r2c1_right,vertical
91,46,1.0,r1c1_bottom_right,forward_slash
91,46,1.3333,r0c1_right,vertical
91,46,2.0,r1c1_right,vertical
91,46,2.0,r1c2_bottom_left,back_slash
91,46,2.0,r2c1_bottom_left,back_slash
91,46,2.0,r2c1_right,vertical
91,46,2.0,r3c0_right,vertical
91,46,2.0,r3c2_right,vertical
91,47,1.3333,r0c1_right,vertical
91,47,1.3333,r2c1_bottom_left,back_slash
91,47,1.6667,r0c0_bottom_right,forward_slash
91,48,1.0,r0c3_bottom_left,back_slash
91,48,1.0,r1c0_bottom_left,back_slash
91,48,1.3333,r1c0_bottom_right,forward_slash
91,49,1.3333,r2c1_bottom_left,back_slash
91,49,1.6667,r0c0_bottom_right,forward_slash
91,49,1.6667,r0c0_right,vertical
91,49,1.6667,r1c2_bottom_left,back_slash
91,50,1.3333,r1c1_bottom_right,forward_slash
91,50,1.3333,r1c3_bottom_left,back_slash
91,50,1.3333,r3c0_right,vertical
91,51,1.0,r3c0_right,vertical
91,51,1.3333,r1c3_bottom_left,back_slash
91,51,1.3333,r2c0_bottom_right,forward_slash
91,52,1.0,r3c2_right,vertical
91,52,1.3333,r1c1_right,vertical
91,52,1.3333,r2c1_bottom_left,back_slash
91,52,1.3333,r2c3_bottom_right,forward_slash
91,53,1.0,r0c0_bottom_right,forward_slash
91,53,1.3333,r1c0_bottom_right,forward_slash
91,53,1.3333,r1c2_bottom_right,forward_slash
91,53,1.3333,r2c0_right,vertical
91,53,1.3333,r2c1_bottom_right,forward_slash
91,53,1.3333,r2c1_right,vertical
91,54,1.0,r2c1_bottom_left,back_slash
91,54,1.3333,r0c1_right,vertical
91,54,1.3333,r1c2_right,vertical
91,54,1.3333,r3c0_right,vertical
91,55,1.0,r2c2_right,vertical
91,55,1.3333,r1c2_bottom_left,back_slash
91,55,1.3333,r2c1_bottom_left,back_slash
91,56,1.0,r0c3_bottom_left,back_slash
91,56,1.0,r1c1_bottom_right,forward_slash
91,56,1.3333,r2c2_bottom_right,forward_slash
91,56,1.3333,r3c2_right,vertical
91,57,1.0,r1c0_right,vertical
91,57,1.3333,r0c2_bottom_right,forward_slash
91,57,1.3333,r0c3_bottom_left,back_slash
91,57,1.3333,r1c2_right,vertical
91,57,1.3333,r2c2_bottom_left,back_slash
91,57,1.3333,r2c3_bottom_right,forward_slash
91,58,1.0,r0c0_right,vertical
91,58,1.3333,r0c1_bottom_left,back_slash
91,58,1.3333,r0c1_right,vertical
91,58,1.3333,r0c3_bottom_left,back_slash
91,58,1.3333,r1c1_bottom_right,forward_slash
91,59,1.3333,r0c1_right,vertical
91,59,1.3333,r2c1_bottom_left,back_slash
91,59,1.3333,r2c1_bottom_right,forward_slash
91,60,1.0,r0c0_right,vertical
91,60,1.3333,r2c2_right,vertical
91,60,1.6667,r0c2_bottom_left,back_slash
91,61,1.0,r2c0_right,vertical
91,61,1.3333,r1c3_bottom_left,back_slash
91,61,1.6667,r2c1_bottom_left,back_slash
91,62,1.0,r2c0_right,vertical
91,62,1.3333,r0c2_bottom_right,forward_slash
91,62,1.3333,r1c2_bottom_left,back_slash
91,63,1.3333,r0c3_bottom_right,forward_slash
91,63,1.3333,r1c3_bottom_left,back_slash
91,63,1.6667,r0c2_bottom_right,forward_slash
91,63,1.6667,r1c0_bottom_right,forward_slash
91,63,1.6667,r2c1_bottom_right,forward_slash
91,64,1.3333,r0c2_bottom_right,forward_slash
91,64,1.3333,r1c1_right,vertical
91,64,1.3333,r2c1_bottom_left,back_slash
91,65,1.0,r3c0_right,vertical
91,65,1.3333,r0c2_bottom_right,forward_slash
91,65,1.3333,r1c1_bottom_right,forward_slash
91,65,1.3333,r1c3_bottom_left,back_slash
91,65,1.3333,r2c3_bottom_right,forward_slash
91,66,1.0,r0c0_right,vertical
91,66,1.3333,r0c2_right,vertical
91,66,1.3333,r2c1_bottom_left,back_slash
91,67,1.0,r0c3_bottom_left,back_slash
91,67,1.0,r1c0_bottom_left,back_slash
91,67,1.3333,r0c1_bottom_left,back_slash
91,67,1.3333,r0c3_bottom_right,forward_slash
91,67,1.3333,r3c1_right,vertical
91,68,1.3333,r0c2_right,vertical
91,68,1.3333,r0c3_bottom_right,forward_slash
91,68,1.3333,r1c2_bottom_left,back_slash
91,68,1.3333,r2c1_bottom_right,forward_slash
91,68,1.3333,r2c3_bottom_left,back_slash
91,69,1.3333,r1c0_right,vertical
91,69,1.3333,r1c1_bottom_left,back_slash
91,69,1.3333,r1c1_right,vertical
91,69,1.3333,r2c2_right,vertical
91,70,1.3333,r1c1_bottom_left,back_slash
91,70,1.3333,r1c1_bottom_right,forward_slash
91,70,1.3333,r2c0_right,vertical
91,70,1.3333,r2c2_bottom_left,back_slash
91,71,1.3333,r0c2_bottom_right,forward_slash
91,71,1.3333,r1c0_bottom_right,forward_slash
91,71,1.3333,r1c2_bottom_right,forward_slash
91,72,1.6667,r1c3_bottom_left,back_slash
91,72,1.6667,r3c2_right,vertical
91,72,2.0,r0c1_bottom_right,forward_slash
91,72,2.0,r0c2_right,vertical
91,72,2.0,r1c0_bottom_right,forward_slash
91,72,2.0,r1c2_bottom_left,back_slash
91,72,2.0,r2c1_right,vertical
91,72,2.0,r2c3_bottom_left,back_slash
91,72,2.0,r3c0_right,vertical
91,73,1.3333,r0c1_right,vertical
91,73,1.3333,r1c1_bottom_right,forward_slash
91,73,1.6667,r0c2_bottom_right,forward_slash
91,73,1.6667,r2c0_right,vertical
91,73,1.6667,r2c2_bottom_left,back_slash
91,74,1.3333,r0c1_bottom_right,forward_slash
91,74,1.3333,r0c3_bottom_right,forward_slash
91,74,1.3333,r1c0_bottom_left,back_slash
91,74,1.3333,r1c1_bottom_left,back_slash
91,74,1.3333,r2c2_right,vertical
91,75,1.3333,r0c2_bottom_left,back_slash
91,75,1.3333,r0c2_bottom_right,forward_slash
91,75,1.3333,r1c1_bottom_left,back_slash
91,75,1.3333,r2c2_right,vertical
91,76,1.3333,r1c0_bottom_left,back_slash
91,76,1.3333,r1c1_right,vertical
91,76,1.6667,r1c1_bottom_left,back_slash
91,77,1.3333,r1c1_right,vertical
91,77,1.3333,r2c1_bottom_left,back_slash
91,77,1.6667,r0c3_bottom_right,forward_slash
91,77,1.6667,r2c1_bottom_right,forward_slash
91,77,1.6667,r3c2_right,vertical
91,78,1.3333,r0c1_bottom_left,back_slash
91,78,1.3333,r1c0_right,vertical
91,78,1.3333,r2c1_bottom_left,back_slash
91,79,1.0,r1c3_bottom_left,back_slash
91,79,1.3333,r0c0_bottom_right,forward_slash
91,79,1.3333,r1c0_bottom_left,back_slash
91,79,1.3333,r1c0_right,vertical
91,79,1.3333,r1c2_bottom_left,back_slash
91,80,1.0,r1c1_bottom_left,back_slash
91,80,1.3333,r2c2_bottom_left,back_slash
91,80,1.6667,r0c0_right,vertical
91,80,1.6667,r0c1_right,vertical
91,80,1.6667,r1c0_bottom_left,back_slash
91,81,1.0,r0c2_bottom_left,back_slash
91,81,1.0,r1c0_bottom_right,forward_slash
91,81,1.0,r1c2_right,vertical
91,82,1.0,r0c3_bottom_right,forward_slash
91,82,1.3333,r1c1_bottom_left,back_slash
91,82,1.3333,r2c1_right,vertical
91,82,1.3333,r2c2_right,vertical
91,83,1.0,r2c3_bottom_left,back_slash
91,83,1.3333,r0c1_right,vertical
91,83,1.3333,r0c2_bottom_left,back_slash
91,83,1.3333,r1c0_right,vertical
91,84,1.3333,r1c0_right,vertical
91,84,1.3333,r1c1_bottom_right,forward_slash
91,84,1.3333,r2c1_right,vertical
91,84,1.3333,r2c2_right,vertical
91,84,1.3333,r3c1_right,vertical
91,85,1.0,r1c3_bottom_left,back_slash
91,85,1.6667,r1c1_bottom_right,forward_slash
91,85,1.6667,r2c3_bottom_right,forward_slash
91,86,1.3333,r1c0_bottom_left,back_slash
91,86,1.3333,r2c0_right,vertical
91,86,1.3333,r2c2_bottom_left,back_slash
91,86,1.3333,r2c2_bottom_right,forward_slash
91,87,1.0,r1c1_bottom_right,forward_slash
91,87,1.3333,r0c1_bottom_right,forward_slash
91,87,1.3333,r0c1_right,vertical
91,87,1.3333,r0c2_right,vertical
91,88,1.0,r0c3_bottom_right,forward_slash
91,88,1.0,r3c0_right,vertical
91,88,1.3333,r0c0_right,vertical
91,88,1.3333,r1c0_bottom_left,back_slash
91,88,1.3333,r2c2_bottom_left,back_slash
91,89,1.0,r0c2_bottom_right,forward_slash
91,89,1.3333,r2c1_bottom_left,back_slash
91,89,1.3333,r2c3_bottom_left,back_slash
91,90,1.3333,r2c0_right,vertical
91,90,1.3333,r2c2_right,vertical
91,90,1.6667,r1c2_bottom_left,back_slash
91,90,1.6667,r2c2_bottom_left,back_slash
91,90,1.6667,r3c0_right,vertical
91,91,1.0,r0c3_bottom_right,forward_slash
91,91,1.0,r2c1_right,vertical
91,91,1.3333,r0c1_bottom_right,forward_slash
91,91,1.3333,r0c2_bottom_left,back_slash
91,91,1.3333,r1c2_bottom_right,forward_slash
91,91,1.3333,r2c3_bottom_left,back_slash
91,92,1.0,r0c3_bottom_left,back_slash
91,92,1.0,r1c3_bottom_left,back_slash
91,92,1.3333,r1c0_right,vertical
91,92,1.3333,r3c2_right,vertical
91,93,1.3333,r1c0_bottom_left,back_slash
91,93,1.3333,r1c2_bottom_right,forward_slash
91,93,1.3333,r2c1_right,vertical
91,94,1.3333,r0c2_bottom_left,back_slash
91,94,1.3333,r0c3_bottom_left,back_slash
91,94,1.3333,r1c1_bottom_left,back_slash
91,94,1.3333,r2c1_bottom_left,back_slash
91,94,1.3333,r2c2_bottom_right,forward_slash
91,95,1.3333,r0c1_right,vertical
91,95,1.3333,r2c2_right,vertical
91,95,1.3333,r2c3_bottom_left,back_slash
91,96,1.3333,r0c0_right,vertical
91,96,1.3333,r0c2_bottom_left,back_slash
91,96,1.6667,r0c1_right,vertical
91,96,1.6667,r0c3_bottom_right,forward_slash
91,96,1.6667,r2c2_bottom_left,back_slash
91,96,1.6667,r3c2_right,vertical
91,97,1.3333,r2c1_bottom_left,back_slash
91,97,1.6667,r0c1_bottom_right,forward_slash
91,97,1.6667,r0c3_bottom_right,forward_slash
91,98,1.3333,r1c1_right,vertical
91,98,1.3333,r2c3_bottom_right,forward_slash
91,98,1.6667,r2c0_right,vertical
91,98,1.6667,r2c1_bottom_left,back_slash
91,98,1.6667,r2c2_bottom_right,forward_slash
91,98,1.6667,r2c2_right,vertical
91,99,1.3333,r1c2_bottom_right,forward_slash
91,99,1.3333,r1c3_bottom_left,back_slash
91,99,1.3333,r2c1_bottom_right,forward_slash
91,99,1.3333,r3c2_right,vertical
92,0,1.3333,r1c0_bottom_right,forward_slash
92,0,1.3333,r1c1_bottom_right,forward_slash
92,0,1.3333,r3c1_right,vertical
92,1,1.3333,r0c0_bottom_right,forward_slash
92,1,1.3333,r2c0_bottom_right,forward_slash
92,1,1.3333,r2c2_bottom_left,back_slash
92,1,1.3333,r2c3_bottom_right,forward_slash
92,1,1.3333,r3c1_right,vertical
92,2,1.3333,r1c2_bottom_left,back_slash
92,2,1.3333,r1c2_right,vertical
92,2,1.3333,r2c3_bottom_right,forward_slash
92,3,1.0,r0c1_bottom_right,forward_slash
92,3,1.0,r3c1_right,vertical
92,3,1.3333,r1c2_right,vertical
92,4,1.3333,r0c2_bottom_left,back_slash
92,4,1.3333,r1c1_bottom_right,forward_slash
92,4,1.3333,r2c1_right,vertical
92,5,1.3333,r0c1_bottom_left,back_slash
92,5,1.3333,r0c3_bottom_right,forward_slash
92,5,1.3333,r1c2_bottom_right,forward_slash
92,5,1.3333,r2c2_right,vertical
92,6,1.3333,r1c3_bottom_left,back_slash
92,6,1.3333,r2c1_bottom_right,forward_slash
92,6,1.6667,r0c3_bottom_right,forward_slash
92,6,1.6667,r3c2_right,vertical
92,7,1.0,r0c2_bottom_right,forward_slash
92,7,1.0,r2c2_bottom_right,forward_slash
92,7,1.3333,r1c1_bottom_right,forward_slash
92,7,1.3333,r1c2_bottom_left,back_slash
92,8,1.6667,r1c0_right,vertical
92,8,1.6667,r1c1_right,vertical
92,8,1.6667,r2c0_right,vertical
92,8,1.6667,r2c1_right,vertical
92,8,1.6667,r2c2_bottom_left,back_slash
92,8,1.6667,r2c3_bottom_right,forward_slash
92,9,1.3333,r0c2_bottom_left,back_slash
92,9,1.3333,r1c1_bottom_right,forward_slash
92,9,1.6667,r0c2_right,vertical
92,9,1.6667,r2c2_bottom_right,forward_slash
92,9,1.6667,r2c3_bottom_right,forward_slash
92,10,1.0,r1c0_bottom_right,forward_slash
92,10,1.3333,r0c1_bottom_left,back_slash
92,10,1.3333,r1c1_bottom_left,back_slash
92,10,1.3333,r2c2_bottom_left,back_slash
92,11,1.3333,r1c1_bottom_left,back_slash
92,11,1.3333,r2c1_bottom_left,back_slash
92,11,1.6667,r0c3_bottom_left,back_slash
92,11,1.6667,r0c3_bottom_right,forward_slash
92,11,1.6667,r1c1_bottom_right,forward_slash
92,12,1.3333,r1c2_right,vertical
92,12,1.3333,r1c3_bottom_left,back_slash
92,12,1.6667,r0c1_bottom_left,back_slash
92,12,1.6667,r1c1_bottom_left,back_slash
92,13,1.3333,r3c2_right,vertical
92,13,1.6667,r2c1_bottom_right,forward_slash
92,13,1.6667,r2c2_right,vertical
92,14,1.0,r0c2_right,vertical
92,14,1.3333,r0c1_bottom_left,back_slash
92,14,1.3333,r0c3_bottom_left,back_slash
92,14,1.3333,r1c1_right,vertical
92,14,1.3333,r1c2_bottom_left,back_slash
92,15,1.0,r0c1_right,vertical
92,15,1.0,r1c1_right,vertical
92,15,1.3333,r0c2_right,vertical
92,15,1.3333,r1c1_bottom_left,back_slash
92,15,1.3333,r3c2_right,vertical
92,16,1.0,r0c3_bottom_right,forward_slash
92,16,1.3333,r1c2_bottom_left,back_slash
92,16,1.3333,r1c2_bottom_right,forward_slash
92,16,1.3333,r2c2_bottom_right,forward_slash
92,17,1.3333,r0c0_bottom_right,forward_slash
92,17,1.6667,r0c3_bottom_left,back_slash
92,17,1.6667,r1c0_right,vertical
92,17,1.6667,r3c1_right,vertical
92,18,1.0,r0c2_bottom_left,back_slash
92,18,1.3333,r1c2_bottom_left,back_slash
92,18,1.6667,r3c0_right,vertical
92,19,1.0,r1c2_bottom_right,forward_slash
92,19,1.3333,r0c2_bottom_right,forward_slash
92,19,1.3333,r0c3_bottom_right,forward_slash
92,19,1.3333,r1c2_right,vertical
92,20,1.3333,r0c2_bottom_right,forward_slash
92,20,1.6667,r0c1_bottom_left,back_slash
92,20,1.6667,r1c1_bottom_right,forward_slash
92,20,1.6667,r2c0_bottom_right,forward_slash
92,21,1.0,r1c2_bottom_right,forward_slash
92,21,1.3333,r1c1_bottom_right,forward_slash
92,21,1.6667,r2c0_right,vertical
92,22,1.0,r2c3_bottom_right,forward_slash
92,22,1.3333,r1c0_right,vertical
92,22,1.3333,r2c2_right,vertical
92,22,1.3333,r2c3_bottom_left,back_slash
92,22,1.3333,r3c2_right,vertical
92,23,1.3333,r1c1_bottom_left,back_slash
92,23,1.3333,r1c1_bottom_right,forward_slash
92,23,1.3333,r2c0_right,vertical
92,23,1.3333,r2c2_bottom_left,back_slash
92,24,1.0,r0c2_bottom_right,forward_slash
92,24,1.3333,r0c2_bottom_left,back_slash
92,24,1.3333,r0c3_bottom_left,back_slash
92,24,1.3333,r1c2_bottom_right,forward_slash
92,25,1.0,r1c1_bottom_left,back_slash
92,25,2.0,r0c2_bottom_right,forward_slash
92,25,2.0,r0c2_right,vertical
92,25,2.0,r0c3_bottom_left,back_slash
92,25,2.0,r2c0_right,vertical
92,25,2.0,r2c3_bottom_left,back_slash
92,25,2.0,r3c1_right,vertical
92,26,1.3333,r1c0_bottom_left,back_slash
92,26,1.3333,r2c0_right,vertical
92,26,1.6667,r0c2_bottom_right,forward_slash
92,26,1.6667,r1c0_bottom_right,forward_slash
92,26,1.6667,r1c1_right,vertical
92,26,1.6667,r1c2_right,vertical
92,26,1.6667,r2c1_right,vertical
92,27,1.3333,r0c1_right,vertical
92,27,1.3333,r1c0_bottom_right,forward_slash
92,27,1.3333,r1c1_bottom_right,forward_slash
92,27,1.3333,r2c0_bottom_right,forward_slash
92,27,1.3333,r3c1_right,vertical
92,28,1.3333,r0c1_right,vertical
92,28,1.6667,r0c2_bottom_right,forward_slash
92,28,1.6667,r2c2_bottom_left,back_slash
92,28,1.6667,r2c3_bottom_left,back_slash
92,29,1.0,r2c0_bottom_right,forward_slash
92,29,1.3333,r2c1_bottom_left,back_slash
92,29,1.3333,r2c2_bottom_left,back_slash
92,30,1.0,r0c2_right,vertical
92,30,1.3333,r0c2_bottom_left,back_slash
92,30,1.3333,r2c2_right,vertical
92,31,1.3333,r2c1_right,vertical
92,31,1.3333,r2c2_bottom_right,forward_slash
92,31,1.3333,r2c2_right,vertical
92,32,1.0,r1c3_bottom_left,back_slash
92,32,1.0,r3c1_right,vertical
92,32,1.3333,r0c1_bottom_right,forward_slash
92,32,1.3333,r0c2_bottom_left,back_slash
92,32,1.3333,r1c1_right,vertical
92,33,1.0,r0c3_bottom_left,back_slash
92,33,1.3333,r1c1_bottom_left,back_slash
92,33,1.6667,r1c3_bottom_left,back_slash
92,33,1.6667,r2c2_bottom_left,back_slash
92,34,1.0,r1c0_bottom_left,back_slash
92,34,1.3333,r0c1_right,vertical
92,34,1.3333,r1c0_right,vertical
92,35,1.3333,r1c2_right,vertical
92,35,1.6667,r0c0_bottom_right,forward_slash
92,35,1.6667,r2c2_bottom_left,back_slash
92,35,1.6667,r2c3_bottom_right,forward_slash
92,36,1.3333,r0c1_bottom_right,forward_slash
92,36,1.3333,r0c3_bottom_left,back_slash
92,36,1.3333,r0c3_bottom_right,forward_slash
92,37,1.0,r1c1_right,vertical
92,37,1.0,r2c2_bottom_right,forward_slash
92,37,1.6667,r0c3_bottom_right,forward_slash
92,37,1.6667,r1c2_bottom_right,forward_slash
92,38,1.3333,r0c1_right,vertical
92,38,1.3333,r0c2_right,vertical
92,38,1.3333,r0c3_bottom_left,back_slash
92,39,1.3333,r1c1_right,vertical
92,39,1.6667,r0c0_right,vertical
92,39,1.6667,r0c3_bottom_left,back_slash
92,39,1.6667,r2c1_right,vertical
92,39,1.6667,r2c2_bottom_right,forward_slash
92,40,1.3333,r0c0_bottom_right,forward_slash
92,40,1.3333,r1c1_right,vertical
92,40,1.3333,r2c1_bottom_left,back_slash
92,40,1.3333,r3c0_right,vertical
92,41,1.0,r0c3_bottom_right,forward_slash
92,41,1.3333,r0c0_right,vertical
92,41,1.3333,r0c3_bottom_left,back_slash
92,41,1.3333,r1c1_bottom_left,back_slash
92,41,1.3333,r1c1_bottom_right,forward_slash
92,41,1.3333,r1c3_bottom_left,back_slash
92,42,1.3333,r1c2_right,vertical
92,42,1.6667,r1c2_bottom_right,forward_slash
92,42,2.0,r0c2_right,vertical
92,42,2.0,r2c0_right,vertical
92,42,2.0,r2c1_bottom_left,back_slash
92,42,2.0,r2c1_bottom_right,forward_slash
92,42,2.0,r2c2_bottom_right,forward_slash
92,42,2.0,r2c2_right,vertical
92,42,2.0,r2c3_bottom_right,forward_slash
92,43,1.3333,r0c2_bottom_right,forward_slash
92,43,1.3333,r0c2_right,vertical
92,43,1.3333,r1c0_bottom_left,back_slash
92,43,1.3333,r1c0_right,vertical
92,43,1.3333,r2c2_bottom_left,back_slash
92,44,1.3333,r2c1_bottom_left,back_slash
92,44,1.3333,r2c3_bottom_left,back_slash
92,44,1.3333,r3c1_right,vertical
92,45,1.0,r1c2_bottom_left,back_slash
92,45,1.3333,r2c0_right,vertical
92,45,1.6667,r1c0_right,vertical
92,45,1.6667,r1c2_right,vertical
92,45,1.6667,r1c3_bottom_left,back_slash
92,45,1.6667,r3c1_right,vertical
92,46,1.3333,r2c1_right,vertical
92,46,1.6667,r0c3_bottom_right,forward_slash
92,46,1.6667,r1c0_bottom_left,back_slash
92,46,1.6667,r3c1_right,vertical
92,47,1.3333,r1c0_bottom_right,forward_slash
92,47,1.3333,r2c2_right,vertical
92,47,1.6667,r1c3_bottom_left,back_slash
92,47,1.6667,r3c0_right,vertical
92,48,1.0,r0c1_bottom_left,back_slash
92,48,1.3333,r0c1_right,vertical
92,48,1.3333,r0c3_bottom_right,forward_slash
92,48,1.3333,r1c2_bottom_right,forward_slash
92,49,1.3333,r0c1_bottom_right,forward_slash
92,49,1.3333,r2c1_right,vertical
92,49,1.3333,r2c3_bottom_left,back_slash
92,50,1.3333,r2c2_bottom_right,forward_slash
92,50,1.3333,r3c1_right,vertical
92,50,1.6667,r0c1_right,vertical
92,50,1.6667,r0c2_bottom_left,back_slash
92,50,1.6667,r2c3_bottom_right,forward_slash
92,51,1.0,r1c1_bottom_right,forward_slash
92,51,1.0,r2c1_bottom_right,forward_slash
92,51,1.3333,r0c0_bottom_right,forward_slash
92,51,1.3333,r0c2_bottom_right,forward_slash
92,51,1.3333,r1c2_bottom_right,forward_slash
92,51,1.3333,r2c2_bottom_left,back_slash
92,52,1.0,r0c1_bottom_right,forward_slash
92,52,1.3333,r2c2_right,vertical
92,52,1.6667,r2c0_right,vertical
92,52,1.6667,r2c1_bottom_right,forward_slash
92,52,1.6667,r2c3_bottom_left,back_slash
92,52,1.6667,r3c0_right,vertical
92,53,1.0,r0c3_bottom_right,forward_slash
92,53,1.3333,r0c1_right,vertical
92,53,1.3333,r0c3_bottom_left,back_slash
92,54,1.3333,r0c1_bottom_left,back_slash
92,54,1.3333,r1c2_bottom_left,back_slash
92,54,1.3333,r2c0_bottom_right,forward_slash
92,55,1.0,r0c1_right,vertical
92,55,1.3333,r0c2_bottom_left,back_slash
92,55,1.3333,r1c0_bottom_right,forward_slash
92,56,1.3333,r0c2_bottom_left,back_slash
92,56,1.3333,r1c2_bottom_right,forward_slash
92,56,1.3333,r2c2_bottom_right,forward_slash
92,57,1.3333,r0c1_bottom_right,forward_slash
92,57,1.3333,r1c0_bottom_right,forward_slash
92,57,1.6667,r0c1_right,vertical
92,57,1.6667,r2c0_right,vertical
92,58,1.3333,r0c1_bottom_right,forward_slash
92,58,1.3333,r0c1_right,vertical
92,58,1.3333,r0c2_right,vertical
92,58,1.3333,r1c2_right,vertical
92,59,1.0,r0c1_bottom_left,back_slash
92,59,1.0,r2c1_bottom_left,back_slash
92,59,1.3333,r0c0_bottom_right,forward_slash
92,59,1.3333,r1c2_bottom_right,forward_slash
92,59,1.3333,r2c3_bottom_right,forward_slash
92,60,1.0,r0c1_right,vertical
92,60,1.0,r1c0_bottom_right,forward_slash
92,60,1.3333,r0c3_bottom_right,forward_slash
92,60,1.3333,r1c2_right,vertical
92,61,1.0,r2c1_bottom_right,forward_slash
92,61,1.3333,r1c0_bottom_left,back_slash
92,61,1.3333,r2c1_bottom_left,back_slash
92,61,1.3333,r3c1_right,vertical
92,61,1.3333,r3c2_right,vertical
92,62,1.0,r0c1_bottom_left,back_slash
92,62,1.3333,r2c2_bottom_left,back_slash
92,62,1.3333,r2c2_bottom_right,forward_slash
92,63,1.3333,r0c3_bottom_left,back_slash
92,63,1.6667,r2c0_bottom_right,forward_slash
92,63,1.6667,r2c2_bottom_right,forward_slash
92,64,1.0,r0c1_right,vertical
92,64,1.3333,r0c2_right,vertical
92,64,1.3333,r1c1_bottom_right,forward_slash
92,64,1.3333,r2c0_bottom_right,forward_slash
92,65,1.0,r0c1_bottom_left,back_slash
92,65,1.0,r1c1_bottom_right,forward_slash
92,65,1.0,r2c1_bottom_left,back_slash
92,66,1.0,r0c1_right,vertical
92,66,1.3333,r1c1_bottom_left,back_slash
92,66,1.3333,r1c1_right,vertical
92,66,1.3333,r1c3_bottom_left,back_slash
92,67,1.3333,r0c1_bottom_left,back_slash
92,67,1.3333,r0c2_right,vertical
92,67,1.3333,r1c2_bottom_right,forward_slash
92,68,1.3333,r1c0_right,vertical
92,68,1.3333,r2c3_bottom_right,forward_slash
92,68,1.6667,r0c2_right,vertical
92,69,1.0,r1c1_bottom_left,back_slash
92,69,1.0,r1c3_bottom_left,back_slash
92,69,1.3333,r0c1_right,vertical
92,69,1.3333,r0c2_right,vertical
92,69,1.3333,r0c3_bottom_left,back_slash
92,69,1.3333,r0c3_bottom_right,forward_slash
92,70,1.0,r0c3_bottom_left,back_slash
92,70,1.3333,r1c1_right,vertical
92,70,1.6667,r0c2_bottom_right,forward_slash
92,71,1.0,r1c1_bottom_right,forward_slash
92,71,1.3333,r2c2_bottom_left,back_slash
92,71,1.3333,r3c0_right,vertical
92,72,1.3333,r0c2_bottom_left,back_slash
92,72,1.3333,r1c1_right,vertical
92,72,1.3333,r1c2_bottom_right,forward_slash
92,73,1.3333,r0c2_bottom_left,back_slash
92,73,1.3333,r2c0_right,vertical
92,73,1.3333,r3c0_right,vertical
92,74,1.0,r1c0_right,vertical
92,74,1.3333,r1c2_right,vertical
92,74,1.3333,r2c3_bottom_left,back_slash
92,74,1.3333,r3c2_right,vertical
92,75,1.0,r2c1_bottom_right,forward_slash
92,75,1.3333,r1c2_right,vertical
92,75,1.3333,r2c1_right,vertical
92,76,1.0,r0c0_bottom_right,forward_slash
92,76,1.0,r1c0_bottom_left,back_slash
92,76,1.0,r3c0_right,vertical
92,77,1.0,r1c1_bottom_left,back_slash
92,77,1.3333,r0c1_bottom_right,forward_slash
92,77,1.3333,r2c1_bottom_right,forward_slash
92,77,1.3333,r2c2_bottom_right,forward_slash
92,77,1.3333,r2c3_bottom_left,back_slash
92,77,1.3333,r2c3_bottom_right,forward_slash
92,77,1.3333,r3c2_right,vertical
92,78,1.3333,r0c1_bottom_right,forward_slash
92,78,1.3333,r1c0_bottom_right,forward_slash
92,78,1.3333,r1c0_right,vertical
92,78,1.3333,r2c0_right,vertical
92,79,1.0,r2c0_bottom_right,forward_slash
92,79,1.3333,r0c0_bottom_right,forward_slash
92,79,1.3333,r0c1_bottom_right,forward_slash
92,79,1.3333,r2c1_bottom_right,forward_slash
92,79,1.3333,r3c0_right,vertical
92,80,1.0,r1c2_bottom_left,back_slash
92,80,1.0,r1c2_right,vertical
92,80,1.0,r2c2_bottom_left,back_slash
92,81,1.0,r1c2_right,vertical
92,81,1.3333,r0c0_bottom_right,forward_slash
92,81,1.3333,r0c1_right,vertical
92,81,1.3333,r1c2_bottom_left,back_slash
92,81,1.3333,r1c2_bottom_right,forward_slash
92,82,1.0,r1c1_bottom_left,back_slash
92,82,1.3333,r0c1_right,vertical
92,82,1.3333,r1c3_bottom_left,back_slash
92,82,1.3333,r2c1_bottom_left,back_slash
92,83,1.0,r0c1_bottom_right,forward_slash
92,83,1.6667,r1c0_bottom_right,forward_slash
92,83,2.0,r0c0_right,vertical
92,83,2.0,r1c0_right,vertical
92,83,2.0,r1c1_bottom_right,forward_slash
92,83,2.0,r1c2_bottom_right,forward_slash
92,83,2.0,r2c0_bottom_right,forward_slash
92,83,2.0,r2c1_bottom_left,back_slash
92,83,2.0,r2c2_right,vertical
92,83,2.0,r2c3_bottom_right,forward_slash
92,83,2.0,r3c0_right,vertical
92,83,2.0,r3c2_right,vertical
92,84,1.0,r0c2_right,vertical
92,84,1.0,r2c1_bottom_right,forward_slash
92,84,1.6667,r0c0_bottom_right,forward_slash
92,84,1.6667,r0c1_right,vertical
92,84,1.6667,r1c0_bottom_left,back_slash
92,84,1.6667,r1c1_bottom_right,forward_slash
92,84,1.6667,r2c3_bottom_left,back_slash
92,85,1.0,r2c1_bottom_left,back_slash
92,85,1.6667,r0c2_right,vertical
92,85,1.6667,r1c2_bottom_right,forward_slash
92,85,1.6667,r3c1_right,vertical
92,86,1.3333,r0c1_bottom_right,forward_slash
92,86,1.3333,r0c1_right,vertical
92,86,1.3333,r0c2_bottom_left,back_slash
92,86,1.3333,r1c2_bottom_left,back_slash
92,86,1.3333,r2c2_bottom_right,forward_slash
92,87,1.3333,r1c0_bottom_right,forward_slash
92,87,1.3333,r3c1_right,vertical
92,87,1.6667,r0c1_bottom_left,back_slash
92,87,1.6667,r0c1_bottom_right,forward_slash
92,87,1.6667,r1c1_bottom_left,back_slash
92,87,1.6667,r1c1_right,vertical
92,87,1.6667,r2c2_bottom_left,back_slash
92,87,1.6667,r3c2_right,vertical
92,88,1.0,r2c3_bottom_right,forward_slash
92,88,1.3333,r1c0_bottom_left,back_slash
92,88,1.3333,r1c3_bottom_left,back_slash
92,88,1.3333,r2c0_right,vertical
92,88,1.3333,r3c2_right,vertical
92,89,1.0,r2c3_bottom_left,back_slash
92,89,1.3333,r1c0_bottom_right,forward_slash
92,89,1.6667,r0c1_bottom_right,forward_slash
92,89,1.6667,r0c3_bottom_right,forward_slash
92,89,1.6667,r1c0_right,vertical
92,89,1.6667,r2c1_right,vertical
92,90,1.0,r0c1_bottom_right,forward_slash
92,90,1.0,r1c0_right,vertical
92,90,1.3333,r0c0_right,vertical
92,90,1.3333,r1c1_bottom_right,forward_slash
92,90,1.3333,r2c1_right,vertical
92,90,1.3333,r3c0_right,vertical
92,91,1.3333,r1c0_bottom_right,forward_slash
92,91,1.3333,r1c2_bottom_left,back_slash
92,91,1.3333,r3c2_right,vertical
92,92,1.0,r1c1_right,vertical
92,92,1.3333,r0c3_bottom_left,back_slash
92,92,1.3333,r2c1_bottom_left,back_slash
92,93,1.0,r2c2_right,vertical
92,93,1.3333,r0c2_right,vertical
92,93,1.3333,r2c0_bottom_right,forward_slash
92,94,1.3333,r1c1_bottom_right,forward_slash
92,94,1.3333,r1c2_bottom_right,forward_slash
92,94,1.3333,r1c2_right,vertical
92,95,1.3333,r0c2_bottom_right,forward_slash
92,95,1.6667,r0c3_bottom_left,back_slash
92,95,1.6667,r1c1_right,vertical
92,95,1.6667,r1c3_bottom_left,back_slash
92,96,1.0,r1c0_bottom_left,back_slash
92,96,1.0,r3c2_right,vertical
92,96,1.3333,r1c1_right,vertical
92,97,1.3333,r0c3_bottom_left,back_slash
92,97,1.3333,r1c1_bottom_left,back_slash
92,97,1.6667,r0c1_bottom_left,back_slash
92,97,1.6667,r1c0_bottom_left,back_slash
92,97,1.6667,r1c0_bottom_right,forward_slash
92,98,1.3333,r1c0_bottom_left,back_slash
92,98,1.3333,r2c0_right,vertical
92,98,1.3333,r2c3_bottom_right,forward_slash
92,99,1.0,r1c3_bottom_left,back_slash
92,99,1.3333,r1c1_bottom_right,forward_slash
92,99,1.3333,r1c1_right,vertical
92,99,1.3333,r2c1_bottom_right,forward_slash
92,99,1.3333,r2c1_right,vertical
92,99,1.3333,r2c3_bottom_right,forward_slash
93,0,1.3333,r0c0_right,vertical
93,0,1.3333,r0c1_bottom_left,back_slash
93,0,1.3333,r0c2_bottom_left,back_slash
93,0,1.3333,r1c0_right,vertical
93,0,1.3333,r2c2_bottom_left,back_slash
93,0,1.3333,r2c2_bottom_right,forward_slash
93,0,1.3333,r2c2_right,vertical
93,0,1.3333,r2c3_bottom_left,back_slash
93,1,1.3333,r0c0_bottom_right,forward_slash
93,1,1.3333,r0c2_bottom_left,back_slash
93,1,1.3333,r2c2_bottom_left,back_slash
93,2,1.3333,r0c3_bottom_right,forward_slash
93,2,1.3333,r1c0_bottom_right,forward_slash
93,2,1.3333,r1c1_bottom_right,forward_slash
93,3,1.0,r1c2_bottom_right,forward_slash
93,3,1.3333,r1c0_bottom_right,forward_slash
93,3,1.3333,r3c0_right,vertical
93,4,1.0,r2c2_bottom_right,forward_slash
93,4,1.6667,r0c1_right,vertical
93,4,1.6667,r1c0_bottom_left,back_slash
93,4,1.6667,r2c1_right,vertical
93,5,1.3333,r0c1_right,vertical
93,5,1.6667,r0c1_bottom_left,back_slash
93,5,1.6667,r0c2_right,vertical
93,5,1.6667,r1c2_bottom_left,back_slash
93,6,1.0,r1c2_bottom_right,forward_slash
93,6,1.0,r1c3_bottom_left,back_slash
93,6,1.3333,r1c1_bottom_left,back_slash
93,7,1.3333,r1c2_bottom_left,back_slash
93,7,1.3333,r1c2_bottom_right,forward_slash
93,7,2.0,r1c0_right,vertical
93,7,2.0,r1c3_bottom_left,back_slash
93,7,2.0,r2c0_right,vertical
93,8,1.3333,r0c0_bottom_right,forward_slash
93,8,1.3333,r0c3_bottom_left,back_slash
93,8,1.3333,r2c1_right,vertical
93,8,1.3333,r2c3_bottom_left,back_slash
93,9,1.0,r1c1_bottom_right,forward_slash
93,9,1.3333,r1c1_right,vertical
93,9,1.6667,r0c1_bottom_left,back_slash
93,9,1.6667,r1c1_bottom_left,back_slash
93,9,1.6667,r1c2_right,vertical
93,9,1.6667,r2c2_bottom_left,back_slash
93,10,1.0,r0c0_bottom_right,forward_slash
93,10,1.3333,r0c1_right,vertical
93,10,1.6667,r0c0_right,vertical
93,10,1.6667,r0c3_bottom_right,forward_slash
93,10,1.6667,r1c0_right,vertical
93,10,1.6667,r1c1_bottom_right,forward_slash
93,10,1.6667,r3c0_right,vertical
93,11,1.0,r2c3_bottom_left,back_slash
93,11,1.0,r3c0_right,vertical
93,11,1.3333,r2c0_right,vertical
93,12,1.0,r2c2_bottom_right,forward_slash
93,12,1.6667,r1c2_bottom_left,back_slash
93,12,2.0,r0c1_right,vertical
93,12,2.0,r0c2_bottom_right,forward_slash
93,12,2.0,r0c2_right,vertical
93,12,2.0,r2c2_bottom_left,back_slash
93,12,2.0,r3c0_right,vertical
93,12,2.0,r3c2_right,vertical
93,13,1.0,r1c0_bottom_left,back_slash
93,13,1.3333,r1c1_bottom_left,back_slash
93,13,1.3333,r2c0_bottom_right,forward_slash
93,13,1.3333,r2c1_bottom_right,forward_slash
93,13,1.3333,r2c2_bottom_left,back_slash
93,14,1.3333,r1c0_bottom_right,forward_slash
93,14,1.3333,r1c3_bottom_left,back_slash
93,14,1.6667,r1c1_bottom_right,forward_slash
93,14,1.6667,r2c0_bottom_right,forward_slash
93,14,1.6667,r2c1_bottom_left,back_slash
93,14,1.6667,r2c3_bottom_right,forward_slash
93,15,1.3333,r0c0_bottom_right,forward_slash
93,15,1.3333,r1c0_right,vertical
93,15,1.3333,r2c1_bottom_left,back_slash
93,15,1.3333,r3c1_right,vertical
93,16,1.0,r2c1_right,vertical
93,16,1.3333,r0c1_right,vertical
93,16,1.3333,r1c0_right,vertical
93,16,1.3333,r3c2_right,vertical
93,17,1.3333,r0c1_bottom_right,forward_slash
93,17,1.3333,r1c1_right,vertical
93,17,1.6667,r3c0_right,vertical
93,18,1.0,r0c0_right,vertical
93,18,1.3333,r1c0_bottom_left,back_slash
93,18,1.3333,r1c1_bottom_left,back_slash
93,18,1.3333,r2c1_bottom_left,back_slash
93,19,1.3333,r2c0_right,vertical
93,19,1.6667,r0c1_bottom_right,forward_slash
93,19,1.6667,r2c2_right,vertical
93,20,1.3333,r0c1_right,vertical
93,20,1.6667,r1c0_bottom_left,back_slash
93,20,2.0,r0c0_right,vertical
93,20,2.0,r0c2_right,vertical
93,20,2.0,r1c0_bottom_right,forward_slash
93,20,2.0,r1c2_bottom_right,forward_slash
93,20,2.0,r2c0_right,vertical
93,20,2.0,r2c2_right,vertical
93,20,2.0,r3c2_right,vertical
93,21,1.0,r1c0_bottom_left,back_slash
93,21,1.0,r1c0_bottom_right,forward_slash
93,21,1.3333,r1c2_bottom_left,back_slash
93,21,1.3333,r1c2_bottom_right,forward_slash
93,21,1.3333,r2c2_bottom_left,back_slash
93,21,1.3333,r3c0_right,vertical
93,22,1.0,r2c2_bottom_left,back_slash
93,22,1.3333,r0c1_bottom_right,forward_slash
93,22,1.3333,r0c3_bottom_right,forward_slash
93,22,1.3333,r1c2_bottom_right,forward_slash
93,22,1.3333,r2c2_right,vertical
93,23,1.0,r1c2_bottom_left,back_slash
93,23,1.3333,r1c0_bottom_left,back_slash
93,23,1.6667,r0c0_bottom_right,forward_slash
93,23,1.6667,r0c2_bottom_right,forward_slash
93,23,1.6667,r1c0_bottom_right,forward_slash
93,23,1.6667,r1c1_right,vertical
93,24,1.0,r0c1_bottom_left,back_slash
93,24,1.0,r3c0_right,vertical
93,24,1.3333,r2c1_right,vertical
93,25,1.0,r1c2_bottom_right,forward_slash
93,25,1.3333,r0c2_bottom_left,back_slash
93,25,1.3333,r0c2_right,vertical
93,25,1.3333,r1c2_right,vertical
93,25,1.3333,r3c1_right,vertical
93,26,1.6667,r0c2_right,vertical
93,26,1.6667,r1c2_right,vertical
93,26,1.6667,r2c1_right,vertical
93,26,1.6667,r2c3_bottom_right,forward_slash
93,27,1.3333,r2c0_bottom_right,forward_slash
93,27,1.6667,r0c2_bottom_left,back_slash
93,27,1.6667,r3c1_right,vertical
93,28,1.3333,r2c3_bottom_left,back_slash
93,28,1.6667,r1c0_bottom_left,back_slash
93,28,1.6667,r3c2_right,vertical
93,29,1.3333,r0c2_bottom_left,back_slash
93,29,1.3333,r1c0_bottom_right,forward_slash
93,29,1.3333,r1c0_right,vertical
93,29,1.3333,r2c2_bottom_right,forward_slash
93,30,1.3333,r0c1_bottom_right,forward_slash
93,30,1.6667,r1c1_bottom_left,back_slash
93,30,2.0,r0c2_bottom_right,forward_slash
93,30,2.0,r0c2_right,vertical
93,30,2.0,r1c3_bottom_left,back_slash
93,30,2.0,r2c1_bottom_left,back_slash
93,30,2.0,r2c1_right,vertical
93,30,2.0,r2c2_bottom_left,back_slash
93,31,1.3333,r1c2_bottom_right,forward_slash
93,31,1.3333,r2c0_bottom_right,forward_slash
93,31,1.6667,r0c1_bottom_right,forward_slash
93,31,1.6667,r0c1_right,vertical
93,31,1.6667,r1c3_bottom_left,back_slash
93,32,1.6667,r0c1_right,vertical
93,32,1.6667,r1c0_bottom_right,forward_slash
93,32,2.0,r0c1_bottom_right,forward_slash
93,32,2.0,r0c3_bottom_right,forward_slash
93,32,2.0,r2c2_bottom_right,forward_slash
93,32,2.0,r2c2_right,vertical
93,33,1.3333,r0c0_bottom_right,forward_slash
93,33,1.3333,r0c1_bottom_left,back_slash
93,33,1.3333,r1c1_bottom_left,back_slash
93,33,1.3333,r2c2_bottom_right,forward_slash
93,33,1.3333,r2c2_right,vertical
93,34,1.3333,r1c0_bottom_right,forward_slash
93,34,1.3333,r1c1_bottom_left,back_slash
93,34,1.3333,r1c1_right,vertical
93,35,1.3333,r0c1_right,vertical
93,35,1.3333,r1c0_bottom_right,forward_slash
93,35,2.0,r0c2_bottom_left,back_slash
93,35,2.0,r0c2_right,vertical
93,35,2.0,r1c0_right,vertical
93,35,2.0,r1c1_bottom_right,forward_slash
93,35,2.0,r1c1_right,vertical
93,35,2.0,r2c2_bottom_left,back_slash
93,35,2.0,r2c2_right,vertical
93,35,2.0,r2c3_bottom_left,back_slash
93,36,1.3333,r1c1_bottom_right,forward_slash
93,36,1.3333,r1c3_bottom_left,back_slash
93,36,1.6667,r1c1_right,vertical
93,36,1.6667,r2c0_bottom_right,forward_slash
93,36,1.6667,r2c1_bottom_left,back_slash
93,37,1.3333,r0c1_bottom_right,forward_slash
93,37,1.6667,r0c3_bottom_right,forward_slash
93,37,1.6667,r3c2_right,vertical
93,38,1.0,r0c2_bottom_right,forward_slash
93,38,1.0,r1c1_bottom_left,back_slash
93,38,1.0,r1c3_bottom_left,back_slash
93,39,1.3333,r0c3_bottom_right,forward_slash
93,39,1.3333,r1c2_bottom_left,back_slash
93,39,1.3333,r3c1_right,vertical
93,40,1.0,r2c1_bottom_left,back_slash
93,40,1.3333,r2c2_bottom_right,forward_slash
93,40,1.3333,r2c3_bottom_left,back_slash
93,41,1.3333,r0c0_right,vertical
93,41,1.3333,r0c1_bottom_left,back_slash
93,41,1.3333,r1c0_bottom_right,forward_slash
93,41,1.3333,r1c3_bottom_left,back_slash
93,41,1.3333,r2c0_bottom_right,forward_slash
93,41,1.3333,r2c0_right,vertical
93,42,1.3333,r0c1_right,vertical
93,42,2.0,r0c3_bottom_right,forward_slash
93,42,2.0,r2c2_right,vertical
93,43,1.0,r1c0_right,vertical
93,43,1.3333,r0c1_right,vertical
93,43,1.3333,r1c0_bottom_left,back_slash
93,43,1.3333,r2c3_bottom_right,forward_slash
93,43,1.3333,r3c2_right,vertical
93,44,1.3333,r0c1_bottom_left,back_slash
93,44,1.3333,r1c0_bottom_right,forward_slash
93,44,1.3333,r1c2_right,vertical
93,44,1.3333,r2c0_right,vertical
93,44,1.3333,r2c3_bottom_left,back_slash
93,45,1.3333,r1c0_bottom_right,forward_slash
93,45,1.3333,r1c1_bottom_right,forward_slash
93,45,1.6667,r2c1_bottom_right,forward_slash
93,46,1.3333,r1c3_bottom_left,back_slash
93,46,1.3333,r2c1_bottom_right,forward_slash
93,46,1.3333,r3c2_right,vertical
93,47,1.0,r0c3_bottom_right,forward_slash
93,47,1.0,r1c0_bottom_right,forward_slash
93,47,1.3333,r0c2_bottom_right,forward_slash
93,47,1.3333,r1c3_bottom_left,back_slash
93,48,1.3333,r0c1_bottom_right,forward_slash
93,48,1.3333,r0c3_bottom_left,back_slash
93,48,1.3333,r2c3_bottom_right,forward_slash
93,49,1.0,r1c0_bottom_right,forward_slash
93,49,1.3333,r0c0_bottom_right,forward_slash
93,49,1.3333,r1c0_bottom_left,back_slash
93,49,1.3333,r1c2_bottom_right,forward_slash
93,49,1.3333,r2c1_bottom_right,forward_slash
93,49,1.3333,r3c0_right,vertical
93,50,1.0,r0c1_bottom_left,back_slash
93,50,1.6667,r3c2_right,vertical
93,50,2.0,r1c0_right,vertical
93,50,2.0,r1c2_right,vertical
93,50,2.0,r1c3_bottom_left,back_slash
93,50,2.0,r2c0_bottom_right,forward_slash
93,50,2.0,r2c3_bottom_right,forward_slash
93,51,1.0,r1c1_bottom_right,forward_slash
93,51,1.0,r2c2_bottom_left,back_slash
93,51,1.3333,r0c0_bottom_right,forward_slash
93,51,1.3333,r0c1_bottom_right,forward_slash
93,52,1.3333,r0c3_bottom_left,back_slash
93,52,1.3333,r1c1_bottom_left,back_slash
93,52,1.3333,r1c1_bottom_right,forward_slash
93,52,1.3333,r1c3_bottom_left,back_slash
93,52,1.3333,r2c2_right,vertical
93,53,1.3333,r0c2_right,vertical
93,53,1.3333,r1c0_right,vertical
93,53,1.6667,r1c1_bottom_right,forward_slash
93,53,1.6667,r2c1_bottom_right,forward_slash
93,54,1.0,r0c1_bottom_right,forward_slash
93,54,1.3333,r1c1_right,vertical
93,54,1.3333,r2c2_bottom_left,back_slash
93,55,1.0,r1c0_bottom_right,forward_slash
93,55,1.3333,r0c1_right,vertical
93,55,1.3333,r1c1_bottom_right,forward_slash
93,55,1.3333,r3c0_right,vertical
93,55,1.3333,r3c1_right,vertical
93,56,1.0,r2c0_bottom_right,forward_slash
93,56,1.6667,r0c0_bottom_right,forward_slash
93,56,1.6667,r0c1_right,vertical
93,56,1.6667,r1c2_right,vertical
93,57,1.3333,r1c2_right,vertical
93,57,1.6667,r1c1_right,vertical
93,57,1.6667,r2c1_bottom_right,forward_slash
93,57,1.6667,r3c0_right,vertical
93,58,1.3333,r0c0_right,vertical
93,58,1.3333,r0c1_right,vertical
93,58,1.3333,r0c2_bottom_left,back_slash
93,58,1.3333,r0c2_right,vertical
93,58,1.3333,r1c2_bottom_left,back_slash
93,58,1.3333,r2c1_bottom_left,back_slash
93,59,1.0,r0c1_right,vertical
93,59,1.0,r2c1_right,vertical
93,59,1.3333,r2c1_bottom_right,forward_slash
93,60,1.0,r0c2_right,vertical
93,60,1.3333,r0c1_bottom_left,back_slash
93,60,1.3333,r0c1_bottom_right,forward_slash
93,60,1.3333,r0c3_bottom_right,forward_slash
93,60,1.3333,r2c1_bottom_right,forward_slash
93,61,1.0,r1c0_bottom_right,forward_slash
93,61,1.0,r1c1_bottom_right,forward_slash
93,61,1.0,r2c2_bottom_right,forward_slash
93,62,1.3333,r0c1_right,vertical
93,62,1.3333,r1c0_bottom_right,forward_slash
93,62,1.3333,r1c0_right,vertical
93,63,1.0,r1c0_bottom_left,back_slash
93,63,1.3333,r1c2_bottom_left,back_slash
93,63,1.3333,r1c3_bottom_left,back_slash
93,63,1.3333,r3c1_right,vertical
93,64,1.3333,r0c1_bottom_left,back_slash
93,64,1.3333,r1c2_right,vertical
93,64,1.3333,r2c1_bottom_left,back_slash
93,64,1.3333,r2c3_bottom_left,back_slash
93,65,1.0,r3c0_right,vertical
93,65,1.0,r3c1_right,vertical
93,65,1.3333,r1c2_bottom_right,forward_slash
93,65,1.3333,r2c3_bottom_left,back_slash
93,66,1.0,r2c1_right,vertical
93,66,1.3333,r0c2_bottom_right,forward_slash
93,66,1.3333,r1c0_bottom_right,forward_slash
93,67,1.3333,r1c0_right,vertical
93,67,1.3333,r1c1_bottom_left,back_slash
93,67,1.3333,r2c3_bottom_left,back_slash
93,68,1.0,r0c0_bottom_right,forward_slash
93,68,1.0,r2c2_bottom_right,forward_slash
93,68,1.3333,r0c2_bottom_left,back_slash
93,68,1.3333,r0c2_right,vertical
93,68,1.3333,r0c3_bottom_left,back_slash
93,68,1.3333,r1c0_bottom_left,back_slash
93,68,1.3333,r1c0_right,vertical
93,69,1.3333,r0c0_right,vertical
93,69,1.3333,r0c2_right,vertical
93,69,1.3333,r2c1_bottom_right,forward_slash
93,70,1.0,r1c2_bottom_right,forward_slash
93,70,1.0,r2c0_bottom_right,forward_slash
93,70,1.6667,r0c0_right,vertical
93,70,1.6667,r0c1_right,vertical
93,70,1.6667,r0c2_right,vertical
93,70,1.6667,r2c3_bottom_left,back_slash
93,71,1.3333,r1c0_bottom_left,back_slash
93,71,1.3333,r2c2_right,vertical
93,71,1.6667,r3c0_right,vertical
93,71,1.6667,r3c1_right,vertical
93,72,1.3333,r3c1_right,vertical
93,72,1.6667,r2c0_bottom_right,forward_slash
93,72,1.6667,r2c2_bottom_left,back_slash
93,73,1.3333,r0c0_right,vertical
93,73,1.3333,r0c2_bottom_right,forward_slash
93,73,1.3333,r1c0_right,vertical
93,73,1.3333,r1c2_bottom_left,back_slash
93,73,1.3333,r2c1_bottom_left,back_slash
93,73,1.3333,r3c0_right,vertical
93,74,1.0,r0c0_bottom_right,forward_slash
93,74,1.0,r0c3_bottom_left,back_slash
93,74,1.0,r1c2_bottom_right,forward_slash
93,75,1.3333,r2c1_right,vertical
93,75,2.0,r0c2_bottom_left,back_slash
93,75,2.0,r1c0_right,vertical
93,75,2.0,r1c3_bottom_left,back_slash
93,75,2.0,r2c0_right,vertical
93,76,1.0,r1c0_bottom_right,forward_slash
93,76,1.0,r1c3_bottom_left,back_slash
93,76,1.0,r3c1_right,vertical
93,77,1.0,r1c2_bottom_right,forward_slash
93,77,1.3333,r1c1_bottom_left,back_slash
93,77,1.3333,r1c3_bottom_left,back_slash
93,77,1.3333,r2c1_bottom_right,forward_slash
93,78,1.3333,r0c1_bottom_right,forward_slash
93,78,1.3333,r0c1_right,vertical
93,78,1.3333,r2c0_right,vertical
93,79,1.3333,r0c0_bottom_right,forward_slash
93,79,1.3333,r1c1_right,vertical
93,79,1.3333,r2c2_right,vertical
93,80,1.3333,r1c0_bottom_left,back_slash
93,80,1.6667,r2c3_bottom_left,back_slash
93,80,2.0,r0c1_bottom_left,back_slash
93,80,2.0,r0c2_right,vertical
93,80,2.0,r1c0_bottom_right,forward_slash
93,80,2.0,r1c2_right,vertical
93,80,2.0,r2c0_bottom_right,forward_slash
93,81,1.3333,r0c0_right,vertical
93,81,1.3333,r1c1_right,vertical
93,81,1.3333,r1c2_right,vertical
93,81,1.3333,r2c1_right,vertical
93,82,1.3333,r2c3_bottom_left,back_slash
93,82,1.6667,r0c0_bottom_right,forward_slash
93,82,1.6667,r2c1_bottom_right,forward_slash
93,83,1.0,r0c0_bottom_right,forward_slash
93,83,1.6667,r1c0_right,vertical
93,83,1.6667,r1c1_right,vertical
93,83,1.6667,r2c0_right,vertical
93,84,1.3333,r2c2_bottom_left,back_slash
93,84,1.6667,r0c3_bottom_left,back_slash
93,84,1.6667,r1c1_bottom_left,back_slash
93,84,1.6667,r1c2_bottom_left,back_slash
93,84,1.6667,r1c3_bottom_left,back_slash
93,84,1.6667,r2c2_bottom_right,forward_slash
93,85,1.0,r0c2_bottom_right,forward_slash
93,85,1.0,r1c1_bottom_left,back_slash
93,85,1.0,r2c1_bottom_right,forward_slash
93,86,1.0,r2c1_bottom_left,back_slash
93,86,1.3333,r2c1_right,vertical
93,86,1.6667,r2c0_bottom_right,forward_slash
93,86,1.6667,r2c2_bottom_left,back_slash
93,87,1.0,r3c0_right,vertical
93,87,1.0,r3c1_right,vertical
93,87,1.3333,r0c1_right,vertical
93,87,1.3333,r0c2_bottom_right,forward_slash
93,87,1.3333,r2c3_bottom_right,forward_slash
93,88,1.3333,r1c0_right,vertical
93,88,1.3333,r1c1_bottom_left,back_slash
93,88,1.3333,r1c2_bottom_left,back_slash
93,88,1.3333,r1c2_bottom_right,forward_slash
93,89,1.0,r0c3_bottom_right,forward_slash
93,89,1.3333,r0c1_bottom_left,back_slash
93,89,1.3333,r3c2_right,vertical
93,90,1.0,r1c2_bottom_left,back_slash
93,90,1.3333,r1c2_right,vertical
93,90,1.3333,r2c3_bottom_left,back_slash
93,90,1.3333,r2c3_bottom_right,forward_slash
93,90,1.3333,r3c1_right,vertical
93,91,1.0,r1c1_bottom_left,back_slash
93,91,1.3333,r0c0_bottom_right,forward_slash
93,91,1.3333,r2c1_bottom_left,back_slash
93,92,1.3333,r0c2_right,vertical
93,92,1.3333,r1c0_right,vertical
93,92,1.6667,r1c3_bottom_left,back_slash
93,92,1.6667,r2c1_right,vertical
93,93,1.3333,r3c0_right,vertical
93,93,1.3333,r3c1_right,vertical
93,93,1.3333,r3c2_right,vertical
93,94,1.0,r1c1_bottom_right,forward_slash
93,94,1.3333,r2c1_bottom_left,back_slash
93,94,1.3333,r2c1_right,vertical
93,94,1.3333,r2c2_bottom_left,back_slash
93,95,1.3333,r0c3_bottom_left,back_slash
93,95,1.3333,r2c1_bottom_right,forward_slash
93,95,1.6667,r0c0_right,vertical
93,95,1.6667,r1c0_bottom_right,forward_slash
93,95,1.6667,r1c2_bottom_left,back_slash
93,95,1.6667,r2c0_right,vertical
93,95,1.6667,r2c2_right,vertical
93,96,1.3333,r0c2_bottom_left,back_slash
93,96,1.3333,r0c2_right,vertical
93,96,1.3333,r1c1_bottom_left,back_slash
93,97,1.3333,r1c3_bottom_left,back_slash
93,97,1.3333,r3c0_right,vertical
93,97,1.6667,r2c1_right,vertical
93,98,1.3333,r0c0_bottom_right,forward_slash
93,98,1.3333,r0c1_right,vertical
93,98,1.3333,r0c2_bottom_left,back_slash
93,99,1.3333,r0c3_bottom_right,forward_slash
93,99,1.3333,r1c1_right,vertical
93,99,1.3333,r2c0_right,vertical
93,99,1.3333,r3c0_right,vertical
